symbol,github,langs,contributors,tags
BTC,https://github.com/bitcoin/bitcoin,"C++, Python, C, M4, Shell, Makefile","https://github.com/sipa, https://github.com/fanquake, https://github.com/jnewbery, https://github.com/theuni, https://github.com/jonasschnelli, https://github.com/ryanofsky, https://github.com/luke-jr, https://github.com/theStack, https://github.com/sdaftuar, https://github.com/non-github-bitcoin, https://github.com/vasild, https://github.com/Sjors, https://github.com/jamesob, https://github.com/instagibbs, https://github.com/amitiuttarwar, https://github.com/meshcollider, https://github.com/jtimon, https://github.com/darosior, https://github.com/paveljanik, https://github.com/petertodd, https://github.com/pstratem, https://github.com/cozz, https://github.com/domob1812, https://github.com/S3RK, https://github.com/jimpo, https://github.com/martinus, https://github.com/w0xlt, https://github.com/kiminuo, https://github.com/jarolrod, https://github.com/jl2012, https://github.com/aureleoules, https://github.com/CodeShark, https://github.com/dooglus, https://github.com/dhruv, https://github.com/dexX7, https://github.com/mjdietzx, https://github.com/eklitzke, https://github.com/mruddy, https://github.com/0xB10C, https://github.com/dgenr8, https://github.com/john-moffett, https://github.com/harding, https://github.com/benthecarman, https://github.com/Bushstar, https://github.com/mrbandrews, https://github.com/jb55, https://github.com/klementtan, https://github.com/scravy, https://github.com/murchandamus, https://github.com/Michagogo, https://github.com/laanwj, https://github.com/hebasto, https://github.com/achow101, https://github.com/practicalswift, https://github.com/jonatack, https://github.com/dongcarl, https://github.com/TheBlueMatt, https://github.com/gavinandresen, https://github.com/promag, https://github.com/MarcoFalke, https://github.com/ajtowns, https://github.com/glozow, https://github.com/morcos, https://github.com/furszy, https://github.com/kallewoof, https://github.com/gmaxwell, https://github.com/Empact, https://github.com/fjahr, https://github.com/brunoerg, https://github.com/mzumsande, https://github.com/ken2812221, https://github.com/dergoegge, https://github.com/TheCharlatan, https://github.com/JeremyRubin, https://github.com/stickies-v, https://github.com/sipsorcery, https://github.com/josibake, https://github.com/naumenkogs, https://github.com/rebroad, https://github.com/NicolasDorier, https://github.com/btcdrak, https://github.com/muggenhor, https://github.com/andrewtoth, https://github.com/gwillen, https://github.com/kazcw, https://github.com/icota, https://github.com/kristapsk, https://github.com/troygiorshev, https://github.com/willcl-ark, https://github.com/danra, https://github.com/wtogami, https://github.com/AkioNak, https://github.com/prusnak, https://github.com/l2a5b1, https://github.com/emilengler, https://github.com/elichai, https://github.com/sdkfjlsfjlskdfjlsdjflsjf, https://github.com/ishaanam, https://github.com/super3, https://github.com/skeees","PoW, SHA-256, Store Of Value, State Channel, Coinbase Ventures Portfolio, Three Arrows Capital Portfolio, Polychain Capital Portfolio, Binance Labs Portfolio, Blockchain Capital Portfolio, BoostVC Portfolio, CMS Holdings Portfolio, DCG Portfolio, DragonFly Capital Portfolio, Electric Capital Portfolio, Fabric Ventures Portfolio, Framework Ventures Portfolio, Galaxy Digital Portfolio, Huobi Capital Portfolio, Alameda Research Portfolio, a16z Portfolio, 1Confirmation Portfolio, Winklevoss Capital Portfolio, USV Portfolio, Placeholder Ventures Portfolio, Pantera Capital Portfolio, Multicoin Capital Portfolio, Paradigm Portfolio, FTX Bankruptcy Estate, Mineable, Bitcoin Ecosystem"
ETH,https://github.com/ethereum/go-ethereum,"Go, C, JavaScript, Assembly, Java, Sage","https://github.com/karalabe, https://github.com/holiman, https://github.com/rjl493456442, https://github.com/MariusVanDerWijden, https://github.com/debris, https://github.com/gballet, https://github.com/nonsense, https://github.com/jsvisa, https://github.com/bas-vk, https://github.com/acud, https://github.com/renaynay, https://github.com/Arachnid, https://github.com/holisticode, https://github.com/s7v7nislands, https://github.com/meowsbits, https://github.com/jpeletier, https://github.com/vbuterin, https://github.com/dbadoy, https://github.com/jwasinger, https://github.com/sandakersmann, https://github.com/egonelbre, https://github.com/ryanschneider, https://github.com/zhiqiangxu, https://github.com/SamuelMarks, https://github.com/darioush, https://github.com/jimenezrick, https://github.com/markya0616, https://github.com/adamschmideg, https://github.com/danlaine, https://github.com/Evolution404, https://github.com/CoreyLin, https://github.com/joohhnnn, https://github.com/kobigurk, https://github.com/mcdee, https://github.com/jeremyschlatter, https://github.com/axic, https://github.com/caktux, https://github.com/rociiu, https://github.com/cdetrio, https://github.com/mansaj, https://github.com/hydai, https://github.com/protolambda, https://github.com/gumb0, https://github.com/gbalint, https://github.com/Exca-DK, https://github.com/gurukamath, https://github.com/frewsxcv, https://github.com/hero5512, https://github.com/Dexaran, https://github.com/estensen, https://github.com/obscuren, https://github.com/fjl, https://github.com/tgerring, https://github.com/zelig, https://github.com/CJentzsch, https://github.com/zsfelfoldi, https://github.com/ucwong, https://github.com/s1na, https://github.com/janos, https://github.com/lightclient, https://github.com/gluk256, https://github.com/gavofyork, https://github.com/aaronbuchwald, https://github.com/ligi, https://github.com/nolash, https://github.com/Matthalp-zz, https://github.com/frncmx, https://github.com/kielbarry, https://github.com/chfast, https://github.com/cubedro, https://github.com/Zachinquarantine, https://github.com/kurkomisi, https://github.com/lmars, https://github.com/mrFranklin, https://github.com/wanderer, https://github.com/hackmod, https://github.com/BurtonQin, https://github.com/hadv, https://github.com/eltociear, https://github.com/winsvega, https://github.com/ethers, https://github.com/ferhatelmas, https://github.com/islishude, https://github.com/shazow, https://github.com/ebuchman, https://github.com/robert-zaremba, https://github.com/stevenroose, https://github.com/jtraglia, https://github.com/b00ris, https://github.com/baptiste-b-pegasys, https://github.com/suriyaa, https://github.com/erobit, https://github.com/lmittmann, https://github.com/manxiaqu, https://github.com/skylenet, https://github.com/carver, https://github.com/GagziW, https://github.com/wuestholz, https://github.com/Neurone, https://github.com/roberto-bayardo","PoS, Smart Contracts, Coinbase Ventures Portfolio, Three Arrows Capital Portfolio, Polychain Capital Portfolio, Binance Labs Portfolio, Blockchain Capital Portfolio, BoostVC Portfolio, CMS Holdings Portfolio, DCG Portfolio, DragonFly Capital Portfolio, Electric Capital Portfolio, Fabric Ventures Portfolio, Framework Ventures Portfolio, Hashkey Capital Portfolio, Kenetic Capital Portfolio, Huobi Capital Portfolio, Alameda Research Portfolio, a16z Portfolio, 1Confirmation Portfolio, Winklevoss Capital Portfolio, USV Portfolio, Placeholder Ventures Portfolio, Pantera Capital Portfolio, Multicoin Capital Portfolio, Paradigm Portfolio, Layer 1, FTX Bankruptcy Estate, Ethereum Ecosystem, Injective Ecosystem"
USDT,unknown,,,
BNB,https://github.com/bnb-chain,,,"Centralized Exchange (CEX) Token, Smart Contracts, Alameda Research Portfolio, Multicoin Capital Portfolio, Layer 1, SEC Security Token, Alleged SEC Securities, Celsius Bankruptcy Estate, Marketplace, Payments, BNB Chain"
XRP,https://github.com/ripple/rippled,"C++, C, CMake, Shell, JavaScript, Java","https://github.com/vinniefalco, https://github.com/nbougalis, https://github.com/rec, https://github.com/scottschurr, https://github.com/miguelportilla, https://github.com/mellery451, https://github.com/bachase, https://github.com/manojsdoshi, https://github.com/intelliot, https://github.com/alexdupre, https://github.com/legleux, https://github.com/pdehne, https://github.com/jatchili, https://github.com/RichardAH, https://github.com/jedmccaleb, https://github.com/gregtatcam, https://github.com/anfedorov, https://github.com/a-noni-mousse, https://github.com/NATTSiM, https://github.com/eltociear, https://github.com/pwang200, https://github.com/shawnxie999, https://github.com/yana-novikova, https://github.com/cjcobb23, https://github.com/justinlynn, https://github.com/ledhed2222, https://github.com/virtadpt, https://github.com/mvadari, https://github.com/dangell7, https://github.com/yusufsahinhamza, https://github.com/solmsted, https://github.com/xasos, https://github.com/arihantkothari, https://github.com/lieefu, https://github.com/ggprod, https://github.com/37, https://github.com/bharathchari, https://github.com/sappenin, https://github.com/gliptak, https://github.com/aishraj, https://github.com/RareData, https://github.com/LoveULin, https://github.com/demonstefan, https://github.com/invalidator, https://github.com/plan-do-break-fix, https://github.com/r0bertz, https://github.com/guidovranken, https://github.com/gitter-badger, https://github.com/levinwinter, https://github.com/empatogen, https://github.com/JoelKatz, https://github.com/ahbritto, https://github.com/seelabs, https://github.com/ximinez, https://github.com/HowardHinnant, https://github.com/justmoon, https://github.com/mtrippled, https://github.com/sublimator, https://github.com/thejohnfreeman, https://github.com/JoeLoser, https://github.com/MarkusTeufelberger, https://github.com/undertome, https://github.com/movitto, https://github.com/wltsmrz, https://github.com/mDuo13, https://github.com/josh-ripple, https://github.com/ckeshava, https://github.com/donovanhide, https://github.com/evhub, https://github.com/natenichols, https://github.com/carlhua, https://github.com/drlongle, https://github.com/alloynetworks, https://github.com/BobWay, https://github.com/greg7mdp, https://github.com/wojake, https://github.com/mayurbhandary, https://github.com/PeterChen13579, https://github.com/CodeShark, https://github.com/jscottbranson, https://github.com/vhpoet, https://github.com/fanatid, https://github.com/robcat, https://github.com/wilsonianb, https://github.com/fluxw42, https://github.com/jfryman, https://github.com/oeggert, https://github.com/godexsoft, https://github.com/warpaul, https://github.com/cbodley, https://github.com/ChronusZ, https://github.com/iroskam, https://github.com/WietseWind, https://github.com/ivishwas, https://github.com/ShangyanLi, https://github.com/kennyzlei, https://github.com/ameten, https://github.com/XRP-DEV, https://github.com/Frassle, https://github.com/ChristianRamseier","Arrington XRP Capital Portfolio, Galaxy Digital Portfolio, a16z Portfolio, Pantera Capital Portfolio, FTX Bankruptcy Estate, Medium of Exchange, Enterprise Solutions"
USDC,https://github.com/centrehq/centre-tokens,"JavaScript, Solidity, TypeScript, Shell","https://github.com/eztierney, https://github.com/walkerq, https://github.com/apps/dependabot, https://github.com/tjbaker, https://github.com/mgrissa, https://github.com/dmdque, https://github.com/anders94, https://github.com/o-a-hudson, https://github.com/mirathewhite, https://github.com/petejkim, https://github.com/0xj0hnny, https://github.com/cgst, https://github.com/gin, https://github.com/huaweigu, https://github.com/petetronic","Stablecoin, Asset-Backed Stablecoin, USD Stablecoin, Medium of Exchange, Hedera Hashgraph Ecosystem, Fantom Ecosystem, Arbitrum Ecosystem, Moonriver Ecosystem, BNB Chain, Optimism Ecosystem"
ADA,https://cardanoupdates.com/,,,"DPoS, PoS, Platform, Smart Contracts, Staking, Layer 1, SEC Security Token, Alleged SEC Securities, Research, Cardano Ecosystem, Cardano, Communications & Social Media"
DOGE,https://github.com/dogecoin/dogecoin,"C++, Python, C, M4, Makefile, Shell","https://github.com/sipa, https://github.com/gavinandresen, https://github.com/TheBlueMatt, https://github.com/non-github-bitcoin, https://github.com/fanquake, https://github.com/gmaxwell, https://github.com/petertodd, https://github.com/paveljanik, https://github.com/pstratem, https://github.com/jnewbery, https://github.com/instagibbs, https://github.com/CodeShark, https://github.com/btcdrak, https://github.com/langerhans, https://github.com/michilumin, https://github.com/wtogami, https://github.com/jl2012, https://github.com/achow101, https://github.com/super3, https://github.com/kdomanski, https://github.com/kallewoof, https://github.com/practicalswift, https://github.com/mruddy, https://github.com/maaku, https://github.com/xanimo, https://github.com/promag, https://github.com/ajweiss, https://github.com/Sporklin, https://github.com/sinetek, https://github.com/jamesob, https://github.com/joshtriplett, https://github.com/jordanlewis, https://github.com/slightlyskepticalpotat, https://github.com/AbcSxyZ, https://github.com/NicolasDorier, https://github.com/p2k, https://github.com/Matoking, https://github.com/ashleyholman, https://github.com/zw, https://github.com/randy-waterhouse, https://github.com/fsb4000, https://github.com/schildbach, https://github.com/sandakersmann, https://github.com/micaelmalta, https://github.com/r000n, https://github.com/robbak, https://github.com/UdjinM6, https://github.com/accraze, https://github.com/Michagogo, https://github.com/laanwj, https://github.com/theuni, https://github.com/jonasschnelli, https://github.com/luke-jr, https://github.com/patricklodder, https://github.com/sdaftuar, https://github.com/morcos, https://github.com/jtimon, https://github.com/cozz, https://github.com/ryanofsky, https://github.com/rebroad, https://github.com/muggenhor, https://github.com/domob1812, https://github.com/chromatic, https://github.com/dooglus, https://github.com/kazcw, https://github.com/dexX7, https://github.com/dgenr8, https://github.com/mrbandrews, https://github.com/sdkfjlsfjlskdfjlsdjflsjf, https://github.com/casey, https://github.com/ENikS, https://github.com/JeremyRubin, https://github.com/nomnombtc, https://github.com/codler, https://github.com/wizeman, https://github.com/dcousens, https://github.com/edtubbs, https://github.com/roques, https://github.com/MishaBoar, https://github.com/jmcorgan, https://github.com/isle2983, https://github.com/freewil, https://github.com/runeksvendsen, https://github.com/sje397, https://github.com/forrestv, https://github.com/jrmithdobbs, https://github.com/EthanHeilman, https://github.com/JoelKatz, https://github.com/dertin, https://github.com/alamshafil, https://github.com/OttoAllmendinger, https://github.com/vegard, https://github.com/maraoz, https://github.com/whitj00, https://github.com/federicobond, https://github.com/ptschip, https://github.com/rdponticelli, https://github.com/rnicoll","PoW, Scrypt, Doggone Doggerel, FTX Bankruptcy Estate, Medium of Exchange, Memes, Payments, Mineable, BNB Chain"
SOL,https://github.com/solana-labs,,,"PoS, Platform, CMS Holdings Portfolio, Kenetic Capital Portfolio, Alameda Research Portfolio, Multicoin Capital Portfolio, OKEx Blockdream Ventures Portfolio, Layer 1, FTX Bankruptcy Estate, SEC Security Token, Alleged SEC Securities, Solana Ecosystem"
TRX,https://github.com/tronprotocol/java-tron,Java,"https://github.com/ss3344520, https://github.com/zhangheng1536, https://github.com/zhangwenhua-tron, https://github.com/zhaohong, https://github.com/olenheim, https://github.com/yanghang8612, https://github.com/forfreeday, https://github.com/taihaofu, https://github.com/MiraculousWang, https://github.com/tjchern, https://github.com/HuangZhengSi, https://github.com/Sh11thead, https://github.com/houlei1017, https://github.com/conglinduye, https://github.com/jeancky, https://github.com/raymondliu0711, https://github.com/daniel-cao-byte, https://github.com/llwslc, https://github.com/jwrct, https://github.com/seanrobbins, https://github.com/skipjack8, https://github.com/DannaGuo, https://github.com/tronalex, https://github.com/geb789, https://github.com/dpneko, https://github.com/BentoCrypto, https://github.com/richardhallhall, https://github.com/M-blockcoder, https://github.com/kaiserlinda, https://github.com/helloboy12345, https://github.com/ZaraLang, https://github.com/timothyckw, https://github.com/daxinzang1, https://github.com/lucien-tronlab, https://github.com/sdargutev, https://github.com/ryukato, https://github.com/niuniublockchain, https://github.com/Vikingzzu, https://github.com/sss-rain110, https://github.com/farukonder, https://github.com/marilas, https://github.com/khuezy, https://github.com/DoctorLai, https://github.com/wqqh, https://github.com/RoddyZuy, https://github.com/wubin12, https://github.com/tomos01, https://github.com/CaliforniaGuyBTC, https://github.com/EleanoraJo, https://github.com/sean-liu55, https://github.com/Yrp, https://github.com/nanfengpo, https://github.com/lvs007, https://github.com/zergweak, https://github.com/sasaxie, https://github.com/317787106, https://github.com/ithinker1991, https://github.com/renchenchang, https://github.com/pangpangfeng, https://github.com/xiechang33, https://github.com/halibobo1205, https://github.com/jiangyy0824, https://github.com/Parachuteuk, https://github.com/mumianhua, https://github.com/AhnSinYong, https://github.com/shydesky, https://github.com/zhang0125, https://github.com/Rovak, https://github.com/Yuanshandai, https://github.com/lxcmyf, https://github.com/AlexeyAkhunov-star, https://github.com/alberto-zhang, https://github.com/tronfoundation, https://github.com/tomatoishealthy, https://github.com/ybhgenius, https://github.com/linktechchi, https://github.com/CarlChaoCarl, https://github.com/huzhenyuan, https://github.com/EmirateGo, https://github.com/wind4869, https://github.com/paoerpaul, https://github.com/jafferson01, https://github.com/JohnnyQQQQ, https://github.com/lucky7jia, https://github.com/gossens, https://github.com/shychrdw, https://github.com/fisher2015, https://github.com/kevinLee2015, https://github.com/bjianhang, https://github.com/BigFernando, https://github.com/nguyentruongtho, https://github.com/jackforest2014, https://github.com/iiimoon, https://github.com/TracyHesiCecil, https://github.com/Lredhdx, https://github.com/kookiekrak, https://github.com/lurais, https://github.com/call-me-nobody, https://github.com/DorianRust","DWF Labs Portfolio, SEC Security Token, Alleged SEC Securities, Media, Payments, TRON Ecosystem"
DOT,https://github.com/paritytech/polkadot,"Rust, Shell, Ruby, Dockerfile, JavaScript, Handlebars","https://github.com/rphmeier, https://github.com/ordian, https://github.com/shawntabrizi, https://github.com/eskimor, https://github.com/kianenigma, https://github.com/s3krit, https://github.com/KiChjang, https://github.com/sandreim, https://github.com/thiolliere, https://github.com/coderobe, https://github.com/mrcnski, https://github.com/montekki, https://github.com/TriplEight, https://github.com/pepoviola, https://github.com/acatangiu, https://github.com/emostov, https://github.com/niklasad1, https://github.com/joepetrowski, https://github.com/tomusdrw, https://github.com/vstakhov, https://github.com/mxinden, https://github.com/joao-paulo-parity, https://github.com/shaunxw, https://github.com/gilescope, https://github.com/muharem, https://github.com/sergejparity, https://github.com/skunert, https://github.com/koushiro, https://github.com/adoerr, https://github.com/athei, https://github.com/liamaharon, https://github.com/radupopa2010, https://github.com/Szegoo, https://github.com/lexnv, https://github.com/sorpaas, https://github.com/svyatonik, https://github.com/ddorgan, https://github.com/serban300, https://github.com/stanislav-tkach, https://github.com/Ank4n, https://github.com/rossbulat, https://github.com/liuchengxu, https://github.com/seunlanlege, https://github.com/bredamatt, https://github.com/melekes, https://github.com/NukeManDan, https://github.com/AurevoirXavier, https://github.com/gguoss, https://github.com/fgimenez, https://github.com/0x7CFE, https://github.com/bkchr, https://github.com/gavofyork, https://github.com/apps/dependabot, https://github.com/pepyakin, https://github.com/drahnr, https://github.com/andresilva, https://github.com/ggwpez, https://github.com/tomaka, https://github.com/coriolinus, https://github.com/chevdor, https://github.com/arkpar, https://github.com/alvicsam, https://github.com/tdimitrov, https://github.com/expenses, https://github.com/Lldenaurois, https://github.com/xlc, https://github.com/slumber, https://github.com/cecton, https://github.com/gabreal, https://github.com/apopiak, https://github.com/koute, https://github.com/michalkucharczyk, https://github.com/gnunicorn, https://github.com/davxy, https://github.com/BradleyOlson64, https://github.com/s0me0ne-unkn0wn, https://github.com/ferrell-code, https://github.com/altaua, https://github.com/HCastano, https://github.com/cheme, https://github.com/NikVolf, https://github.com/bkontur, https://github.com/altonen, https://github.com/octol, https://github.com/dmitry-markin, https://github.com/4meta5, https://github.com/PierreBesson, https://github.com/franciscoaguirre, https://github.com/dvdplm, https://github.com/rcny, https://github.com/ruseinov, https://github.com/hirschenberger, https://github.com/zjb0807, https://github.com/ascjones, https://github.com/AndreiEres, https://github.com/Doordashcon, https://github.com/nazar-pc, https://github.com/saki-osive, https://github.com/rakanalh, https://github.com/twittner","Substrate, Three Arrows Capital Portfolio, Polychain Capital Portfolio, Arrington XRP Capital Portfolio, Blockchain Capital Portfolio, BoostVC Portfolio, CMS Holdings Portfolio, Coinfund Portfolio, Fabric Ventures Portfolio, Fenbushi Capital Portfolio, Hashkey Capital Portfolio, Kenetic Capital Portfolio, 1Confirmation Portfolio, Placeholder Ventures Portfolio, Pantera Capital Portfolio, Exnetwork Capital Portfolio, Spartan Group, Layer 1, Web3, Polkadot, Binance Chain, Polkadot Ecosystem, Injective Ecosystem, BNB Chain"
DAI,unknown,,,"DeFi, Stablecoin, Asset-Backed Stablecoin, USD Stablecoin, Ethereum Ecosystem, Avalanche Ecosystem, Polygon Ecosystem, Fantom Ecosystem, Arbitrum Ecosystem, Harmony Ecosystem, Moonriver Ecosystem, BNB Chain, Optimism Ecosystem"
MATIC,https://github.com/maticnetwork/contracts,"JavaScript, Solidity, Shell","https://github.com/atvanguard, https://github.com/AyushKaul, https://github.com/gretzke, https://github.com/coinsandsteeldev, https://github.com/rahuldamodar94, https://github.com/ssandeep, https://github.com/vaibhavchellani, https://github.com/k06a, https://github.com/0xAshish, https://github.com/jdkanani, https://github.com/arthcp, https://github.com/zorancuc, https://github.com/sandeepnailwal, https://github.com/imyourm8, https://github.com/sanchaymittal, https://github.com/ptsayli, https://github.com/shogochiai","PoS, Platform, Zero Knowledge Proofs, Scaling, State Channel, Coinbase Ventures Portfolio, Layer 2, Binance Launchpad, Binance Labs Portfolio, FTX Bankruptcy Estate, SEC Security Token, Alleged SEC Securities, Enterprise Solutions, Polygon Ecosystem, Moonriver Ecosystem, Injective Ecosystem"
TON,https://github.com/ton-blockchain,,,"PoS, FTX Bankruptcy Estate, DWF Labs Portfolio, Toncoin Ecosystem"
LTC,https://github.com/litecoin-project/litecoin,"C++, Python, C, Assembly, M4, Shell","https://github.com/sipa, https://github.com/jnewbery, https://github.com/jonasschnelli, https://github.com/gavinandresen, https://github.com/achow101, https://github.com/hebasto, https://github.com/promag, https://github.com/non-github-bitcoin, https://github.com/morcos, https://github.com/kallewoof, https://github.com/jtimon, https://github.com/dongcarl, https://github.com/paveljanik, https://github.com/petertodd, https://github.com/DavidBurkett, https://github.com/pstratem, https://github.com/meshcollider, https://github.com/amitiuttarwar, https://github.com/JeremyRubin, https://github.com/jimpo, https://github.com/sipsorcery, https://github.com/rebroad, https://github.com/btcdrak, https://github.com/CodeShark, https://github.com/dooglus, https://github.com/gwillen, https://github.com/dexX7, https://github.com/wtogami, https://github.com/darosior, https://github.com/AkioNak, https://github.com/eklitzke, https://github.com/sdkfjlsfjlskdfjlsdjflsjf, https://github.com/super3, https://github.com/emilengler, https://github.com/icota, https://github.com/skeees, https://github.com/jimmysong, https://github.com/kristapsk, https://github.com/troygiorshev, https://github.com/benthecarman, https://github.com/jachiang, https://github.com/murrayn, https://github.com/nomnombtc, https://github.com/dcousens, https://github.com/adamjonas, https://github.com/wizeman, https://github.com/merland, https://github.com/EthanHeilman, https://github.com/lucash-dev, https://github.com/Michagogo, https://github.com/laanwj, https://github.com/practicalswift, https://github.com/theuni, https://github.com/TheBlueMatt, https://github.com/fanquake, https://github.com/luke-jr, https://github.com/ryanofsky, https://github.com/sdaftuar, https://github.com/jonatack, https://github.com/gmaxwell, https://github.com/instagibbs, https://github.com/Empact, https://github.com/Sjors, https://github.com/ken2812221, https://github.com/jamesob, https://github.com/ajtowns, https://github.com/theStack, https://github.com/thrasher-, https://github.com/cozz, https://github.com/domob1812, https://github.com/vasild, https://github.com/fjahr, https://github.com/NicolasDorier, https://github.com/muggenhor, https://github.com/jl2012, https://github.com/glozow, https://github.com/kazcw, https://github.com/dgenr8, https://github.com/naumenkogs, https://github.com/mruddy, https://github.com/harding, https://github.com/mrbandrews, https://github.com/danra, https://github.com/kdomanski, https://github.com/casey, https://github.com/scravy, https://github.com/elichai, https://github.com/maaku, https://github.com/ENikS, https://github.com/brakmic, https://github.com/str4d, https://github.com/tjps, https://github.com/jkczyz, https://github.com/ch4ot1c, https://github.com/codler, https://github.com/Bushstar, https://github.com/andrewtoth, https://github.com/mess110, https://github.com/S3RK, https://github.com/l2a5b1","PoW, Scrypt, Medium of Exchange, Mineable"
SHIB,unknown,,,
WBTC,https://github.com/WrappedBTC/bitcoin-token-smart-contracts,"JavaScript, Solidity","https://github.com/silalvado, https://github.com/FabianSimtlix, https://github.com/sachushaji, https://github.com/fabiohild, https://github.com/talbaneth, https://github.com/yaronvel, https://github.com/ipelaez-simtlix, https://github.com/AndrewDrury","DeFi, FTX Bankruptcy Estate, Medium of Exchange, Wrapped Tokens, Fantom Ecosystem, Arbitrum Ecosystem, Moonriver Ecosystem, Optimism Ecosystem, Bitcoin Ecosystem"
BCH,https://gitlab.com/bitcoin-cash-node/,,,"PoW, SHA-256, Store Of Value, Layer 1, Marketplace, Medium of Exchange, Enterprise Solutions, Payments, Mineable, Bitcoin Ecosystem"
LEO,unknown,,,"Centralized Exchange (CEX) Token, Discount Token, Kenetic Capital Portfolio, Alameda Research Portfolio, Marketplace, Payments"
AVAX,https://github.com/ava-labs/avalanchego,Go,"https://github.com/danlaine, https://github.com/abi87, https://github.com/ceyonur, https://github.com/moreati, https://github.com/charlie-ava, https://github.com/joshua-kim, https://github.com/hexfusion, https://github.com/darioush, https://github.com/galenmarchetti, https://github.com/cinterloper, https://github.com/tyler-smith, https://github.com/0x486F626F, https://github.com/felipemadero, https://github.com/adasari, https://github.com/0xK4d1r, https://github.com/5b93b7b959e6d554f8f37de02c389e98af42b01, https://github.com/benber86, https://github.com/cmontag, https://github.com/ElectricPanda, https://github.com/rkuris, https://github.com/najeal, https://github.com/jpop32, https://github.com/kyl27, https://github.com/arturrez, https://github.com/fentoncryptoshell, https://github.com/Sanghren, https://github.com/amirhasanzadehpy, https://github.com/dshiell, https://github.com/morrisettathena, https://github.com/meaghanfitzgerald, https://github.com/richardpringle, https://github.com/philipglazman, https://github.com/itinance, https://github.com/rajranjan0608, https://github.com/snyk-bot, https://github.com/snowbot, https://github.com/sanderpick, https://github.com/akly, https://github.com/cryptonote-social, https://github.com/liraxapp, https://github.com/remigastaldi, https://github.com/saurik, https://github.com/gubatron, https://github.com/zramsay, https://github.com/StephenButtolph, https://github.com/aaronbuchwald, https://github.com/manthanhd, https://github.com/otherview, https://github.com/gyuho, https://github.com/dhrubabasu, https://github.com/patrick-ogrady, https://github.com/obbap1, https://github.com/dboehm-avalabs, https://github.com/holisticode, https://github.com/Determinant, https://github.com/yulin-dong, https://github.com/coffeeavax, https://github.com/marun, https://github.com/pubwyse, https://github.com/swdee, https://github.com/whirlig1g, https://github.com/bb-2, https://github.com/cgcardona, https://github.com/anusha-ctrl, https://github.com/apps/dependabot, https://github.com/dasconnor, https://github.com/Shashank-In, https://github.com/michaelkaplan13, https://github.com/zhiqiangxu, https://github.com/yevhenvolchenko, https://github.com/nytzuga, https://github.com/exdx, https://github.com/eltociear, https://github.com/tonyqzhang, https://github.com/krakxn, https://github.com/minghinmatthewlam, https://github.com/cam-schultz, https://github.com/xc-ava, https://github.com/vieyang, https://github.com/neuhaus, https://github.com/mujdatdinc, https://github.com/aphexmunky, https://github.com/jasonbcox, https://github.com/tasinco, https://github.com/connorbode, https://github.com/m2Lower, https://github.com/jmininger, https://github.com/christroutner, https://github.com/tuxxy","DeFi, Smart Contracts, Three Arrows Capital Portfolio, Polychain Capital Portfolio, CMS Holdings Portfolio, DragonFly Capital Portfolio, Layer 1, Avalanche Ecosystem, Moonriver Ecosystem, Injective Ecosystem, PoS, Art, Government, Health, Platform, Sports, Enterprise Solutions, Gaming, Identity, Interoperability, Music, Payments, Scaling, Staking"
XLM,https://github.com/stellar/stellar-core,"C, C++, M4, Rust, Shell, Python","https://github.com/graydon, https://github.com/sisuresh, https://github.com/marta-lokhova, https://github.com/dmkozh, https://github.com/SirTyson, https://github.com/robertDurst, https://github.com/hidenori-shinohara, https://github.com/mfontanini, https://github.com/nullstyle, https://github.com/evanlimanto, https://github.com/bekkibolthouse, https://github.com/bartekn, https://github.com/JeremyRubin, https://github.com/FredericHeem, https://github.com/irisli, https://github.com/wanecek, https://github.com/MarcPow, https://github.com/rice2000, https://github.com/brahman81, https://github.com/TbLtzk, https://github.com/vladdoster, https://github.com/tsachiherman, https://github.com/C0x41lch0x41, https://github.com/2opremio, https://github.com/vcarl, https://github.com/Subho13, https://github.com/0xf00ff00f, https://github.com/gologo13, https://github.com/marcinx, https://github.com/ult-bobonovski, https://github.com/cballou, https://github.com/hbdgr, https://github.com/mfrg, https://github.com/sgehrman, https://github.com/syntaxval, https://github.com/dmichulke, https://github.com/J12D, https://github.com/kathyonu, https://github.com/gnunicorn, https://github.com/thosmos, https://github.com/MonsieurNicolas, https://github.com/vogel, https://github.com/jonjove, https://github.com/jedmccaleb, https://github.com/rokopt, https://github.com/jayz22, https://github.com/Geod24, https://github.com/leighmcculloch, https://github.com/alfiedotwtf, https://github.com/thejollyrogers, https://github.com/raymens, https://github.com/jacekn, https://github.com/sui77, https://github.com/santegoeds, https://github.com/JuI3s, https://github.com/codeck, https://github.com/AndrejMitrovic, https://github.com/katopz, https://github.com/msfeldstein, https://github.com/manran, https://github.com/mattjquinn, https://github.com/tamirms, https://github.com/MassimoTambu, https://github.com/BOPOHA, https://github.com/overcat, https://github.com/kylemccollom, https://github.com/0xKolten, https://github.com/theaeolianmachine, https://github.com/kodxl, https://github.com/He-Pin, https://github.com/Synesso, https://github.com/maxim-levy, https://github.com/nebolsin, https://github.com/phocks, https://github.com/nikhilsaraf, https://github.com/miniBill, https://github.com/tzdybal, https://github.com/damons, https://github.com/donovanhide, https://github.com/kevinji, https://github.com/matschaffer","Decentralized Exchange (DEX) Token, Smart Contracts, Hashkey Capital Portfolio, Medium of Exchange, Enterprise Solutions"
LINK,https://github.com/smartcontractkit/chainlink,"Go, Solidity, TypeScript, Shell, PLpgSQL, Makefile","https://github.com/j16r, https://github.com/rupurt, https://github.com/samsondav, https://github.com/jmank88, https://github.com/apps/dependabot-preview, https://github.com/thodges-gh, https://github.com/spooktheducks, https://github.com/archseer, https://github.com/jkongie, https://github.com/typescribe, https://github.com/hellobart, https://github.com/pinebit, https://github.com/bolekk, https://github.com/vyzaldysanchez, https://github.com/dependabot-support, https://github.com/vreff, https://github.com/whatsadebugger, https://github.com/kalverra, https://github.com/justinkaseman, https://github.com/lukaszcl, https://github.com/kaleofduty, https://github.com/reductionista, https://github.com/cedric-cordenier, https://github.com/krehermann, https://github.com/johnnymugs, https://github.com/jinhoonbang, https://github.com/RensR, https://github.com/jleeh, https://github.com/begmaroman, https://github.com/AndrewInsignares, https://github.com/KuphJr, https://github.com/apps/github-actions, https://github.com/RodrigoAD, https://github.com/AnieeG, https://github.com/gheorghestrimtu, https://github.com/ilija42, https://github.com/boxhock, https://github.com/javuto, https://github.com/augustbleeds, https://github.com/kevincharm, https://github.com/eutopian, https://github.com/AbGuthrie, https://github.com/mateusz-sekara, https://github.com/vlyl, https://github.com/ferglor, https://github.com/CL-Andrew, https://github.com/ajgrande924, https://github.com/davidcauchi, https://github.com/JonWong203, https://github.com/martin-cll, https://github.com/se3000, https://github.com/dimroc, https://github.com/RyanRHall, https://github.com/coventry, https://github.com/HenryNguyen5, https://github.com/alexroan, https://github.com/infiloop2, https://github.com/connorwstein, https://github.com/apps/dependabot, https://github.com/PiotrTrzpil, https://github.com/chainchad, https://github.com/NavyAdmiral, https://github.com/felder-cl, https://github.com/makramkd, https://github.com/essamhassan, https://github.com/DeividasK, https://github.com/tateexon, https://github.com/FelixFan1992, https://github.com/topliceanu, https://github.com/skubakdj, https://github.com/aalu1418, https://github.com/tyrion70, https://github.com/yosriady, https://github.com/Nic0S, https://github.com/skudasov, https://github.com/benber86, https://github.com/krebernisak, https://github.com/george-dorin, https://github.com/Bwest981, https://github.com/anirudhwarrier, https://github.com/EasterTheBunny, https://github.com/patrickhuie19, https://github.com/amirylm, https://github.com/prashantkumar1982, https://github.com/shileiwill, https://github.com/cmalec, https://github.com/dimriou, https://github.com/iljapavlovs, https://github.com/austinborn, https://github.com/ExtremelySunnyYK, https://github.com/MStreet3, https://github.com/vla33, https://github.com/cfal, https://github.com/PatrickAlphaC, https://github.com/TJBigelow, https://github.com/PotatoGunship, https://github.com/Fletch153, https://github.com/cds95, https://github.com/kidambisrinivas, https://github.com/sdrug","Platform, DeFi, Oracles, Smart Contracts, Substrate, Framework Ventures Portfolio, Real World Assets, Celsius Bankruptcy Estate, Web3, Polkadot, Polkadot Ecosystem, Avalanche Ecosystem, Solana Ecosystem, Polygon Ecosystem, Fantom Ecosystem, Cardano Ecosystem, Near Protocol Ecosystem, Arbitrum Ecosystem, Cardano, Injective Ecosystem, Optimism Ecosystem"
BUSD,https://github.com/paxosglobal/busd-contract,"Solidity, JavaScript, Makefile","https://github.com/henryksarat, https://github.com/snyk-bot, https://github.com/andresaiello, https://github.com/ygaberman-px, https://github.com/Zoe14","Stablecoin, Asset-Backed Stablecoin, USD Stablecoin, Alleged SEC Securities, Linea Ecosystem, Binance Chain, Harmony Ecosystem, Moonriver Ecosystem, Optimism Ecosystem"
TUSD,https://github.com/trusttoken/smart-contracts,"TypeScript, Solidity","https://github.com/terryli0095, https://github.com/MiksuJak, https://github.com/skalermo, https://github.com/feewet, https://github.com/msieczko, https://github.com/dmaretskyi, https://github.com/RafaelCosman, https://github.com/dymitrlubczyk, https://github.com/BenjaminCosman, https://github.com/marcuswin, https://github.com/barrutko, https://github.com/Vashti-w, https://github.com/molecula451, https://github.com/vanruch, https://github.com/yuchenlintt, https://github.com/wjmelements, https://github.com/hal909, https://github.com/MaciejNadolski98, https://github.com/pkuchtatt, https://github.com/qiwihui, https://github.com/apps/dependabot, https://github.com/abam-iksde, https://github.com/yubo-ruan, https://github.com/ascall-by, https://github.com/tt-krzysztof, https://github.com/yuchennil","Store Of Value, Stablecoin, Asset-Backed Stablecoin, USD Stablecoin, Avalanche Ecosystem, Arbitrum Ecosystem, BNB Chain"
UNI,unknown,,,"Decentralized Exchange (DEX) Token, DeFi, DAO, Yield Farming, AMM, Coinbase Ventures Portfolio, Three Arrows Capital Portfolio, Governance, Blockchain Capital Portfolio, DeFiance Capital Portfolio, Alameda Research Portfolio, a16z Portfolio, Pantera Capital Portfolio, ParaFi Capital, Paradigm Portfolio, Arbitrum Ecosystem, Injective Ecosystem, Optimism Ecosystem"
XMR,https://github.com/monero-project/monero,,"https://github.com/fluffypony, https://github.com/stoffu, https://github.com/tewinget, https://github.com/vtnerd, https://github.com/xiphon, https://github.com/radfish, https://github.com/mikezackles, https://github.com/anonimal, https://github.com/TheCharlatan, https://github.com/kenshi84, https://github.com/mathstuf, https://github.com/oranjuice, https://github.com/iDunk5400, https://github.com/cslashm, https://github.com/IPGlider, https://github.com/SChernykh, https://github.com/MoroccanMalinois, https://github.com/UkoeHB, https://github.com/rfree2monero, https://github.com/iamsmooth, https://github.com/cryptochangements34, https://github.com/binaryFate, https://github.com/Neozaru, https://github.com/ston1th, https://github.com/codehalo, https://github.com/Doy-lee, https://github.com/jakoblind, https://github.com/moneroexamples, https://github.com/vickio, https://github.com/tevador, https://github.com/leonklingele, https://github.com/m2049r, https://github.com/rodentrabies, https://github.com/jeandudey, https://github.com/homdx, https://github.com/Jkat, https://github.com/jeanlucmongrain, https://github.com/nvmd, https://github.com/guzzijones, https://github.com/vasild, https://github.com/sanderfoobar, https://github.com/grydz, https://github.com/fireice-uk, https://github.com/reemuru, https://github.com/thaerkh, https://github.com/Luxter77, https://github.com/JollyMort, https://github.com/rex4539, https://github.com/00-matt, https://github.com/moneromooo-monero, https://github.com/hyc, https://github.com/selsta, https://github.com/warptangent, https://github.com/mbg033, https://github.com/Jaqueeee, https://github.com/mj-xmr, https://github.com/jeffro256, https://github.com/ph4r05, https://github.com/tobtoht, https://github.com/Gingeropolous, https://github.com/NoodleDoodleNoodleDoodleNoodleDoodleNoo, https://github.com/j-berman, https://github.com/rbrunner7, https://github.com/jtgrassie, https://github.com/luigi1111, https://github.com/erciccione, https://github.com/SarangNoether, https://github.com/glv2, https://github.com/ndorf, https://github.com/erikd, https://github.com/ranok, https://github.com/woodser, https://github.com/naughtyfox, https://github.com/emesik, https://github.com/jonathancross, https://github.com/tmoravec, https://github.com/oyvkva, https://github.com/sumogr, https://github.com/vdo, https://github.com/tomsmeding, https://github.com/dave-andersen, https://github.com/bigreddmachine, https://github.com/MaxXor, https://github.com/Timo614, https://github.com/cole-lightfighter, https://github.com/paulshapiro, https://github.com/benevanoff, https://github.com/JesusRami, https://github.com/vicsn, https://github.com/campassi, https://github.com/xnbya, https://github.com/normoes, https://github.com/lancillotto, https://github.com/serhack, https://github.com/zone117x, https://github.com/jagerman, https://github.com/jwinterm, https://github.com/kayabaNerve, https://github.com/hinto-janai","PoW, Privacy, RingCT, BoostVC Portfolio, Electric Capital Portfolio, Galaxy Digital Portfolio, Medium of Exchange, Mineable"
OKB,unknown,,,"Centralized Exchange (CEX) Token, Discount Token, Alameda Research Portfolio, Marketplace"
ATOM,https://github.com/cosmos,,,"Platform, Interoperability, Polychain Capital Portfolio, DragonFly Capital Portfolio, Hashkey Capital Portfolio, 1Confirmation Portfolio, Paradigm Portfolio, Exnetwork Capital Portfolio, SEC Security Token, Alleged SEC Securities, Content Creation, Cosmos Ecosystem, Injective Ecosystem, Cosmos, Scaling, Staking"
ETC,https://github.com/ethereumclassic/ethereumclassic.github.io,,,"PoW, Ethash, Platform, Smart Contracts, DCG Portfolio, Mineable"
HBAR,https://github.com/hashgraph,,,"DAG, DCG Portfolio, Layer 1, Marketplace, Enterprise Solutions, Payments, Hedera Hashgraph Ecosystem, PoS, Energy, Platform, Collectibles & NFTs, Data Provenance, DeFi, Privacy, Identity, Quantum-Resistant, Smart Contracts, Timestamping, Web3"
ICP,https://github.com/dfinity/ic,"Rust, Python, Starlark, Shell, Haskell, TypeScript",,"Platform, Collectibles & NFTs, DeFi, Interoperability, Smart Contracts, DAO, Wallet, Storage, Polychain Capital Portfolio, Launchpad, Lending & Borrowing, Metaverse, Electric Capital Portfolio, Fenbushi Capital Portfolio, Hashkey Capital Portfolio, a16z Portfolio, Multicoin Capital Portfolio, Exnetwork Capital Portfolio, SEC Security Token, Alleged SEC Securities, Distributed Computing, Web3, Internet Computer Ecosystem, Bitcoin Ecosystem, Play To Earn"
FIL,https://github.com/filecoin-project/,,,"Storage, Polychain Capital Portfolio, Blockchain Capital Portfolio, BoostVC Portfolio, DCG Portfolio, Hashkey Capital Portfolio, a16z Portfolio, Winklevoss Capital Portfolio, Pantera Capital Portfolio, SEC Security Token, Alleged SEC Securities, Distributed Computing, Filesharing, Web3, Mineable, Filecoin Ecosystem"
MNT,https://github.com/mantlenetworkio,,,
LDO,https://github.com/lidofinance,,,"DeFi, DAO, Three Arrows Capital Portfolio, Paradigm Portfolio, Liquid Staking Derivatives, Arbitrum Ecosystem, Optimism Ecosystem, Stablecoin, Staking, DApp, Governance, DeFi 2.0"
CRO,https://github.com/crypto-org-chain/chain-main,,"https://github.com/tomtau, https://github.com/allthatjazzleo, https://github.com/mmsqe, https://github.com/calvinaco, https://github.com/macong-cdc, https://github.com/lezzokafka, https://github.com/JayT106, https://github.com/ThanhNhann, https://github.com/julienrbrt, https://github.com/yihuang, https://github.com/devashishdxt, https://github.com/leejw51crypto, https://github.com/linfeng-crypto, https://github.com/apps/dependabot, https://github.com/calvinlauyh, https://github.com/damoncro, https://github.com/y-luis-rojo, https://github.com/omahs, https://github.com/landanhu","Centralized Exchange (CEX) Token, Medium of Exchange, Mobile, Payments, Cosmos Ecosystem, Injective Ecosystem"
APT,unknown,,,"Binance Labs Portfolio, Circle Ventures Portfolio, Layer 1, FTX Bankruptcy Estate, Aptos Ecosystem, SUI Ecosystem"
QNT,https://github.com/quantnetwork/,,,
ARB,unknown,,,"Scaling, DAO, DApp, Polychain Capital Portfolio, Layer 2, Rollups, Pantera Capital Portfolio, Ethereum Ecosystem, Arbitrum Ecosystem"
VET,https://github.com/vechain,,,"Smart Contracts, Fenbushi Capital Portfolio, Logistics, Data Provenance, IoT, Platform"
NEAR,https://github.com/nearprotocol/nearcore,"Rust, Python, TypeScript, HTML, SCSS, Shell","https://github.com/bowenwang1996, https://github.com/pmnoxx, https://github.com/nikurt, https://github.com/jakmeier, https://github.com/ailisp, https://github.com/mikhailOK, https://github.com/pompon0, https://github.com/SkidanovAlex, https://github.com/marcelo-gonzalez, https://github.com/chefsale, https://github.com/miraclx, https://github.com/Kouprin, https://github.com/wacban, https://github.com/vgrichina, https://github.com/akhi3030, https://github.com/posvyatokum, https://github.com/olonho, https://github.com/birchmd, https://github.com/azban, https://github.com/EgorKulikov, https://github.com/andrei-near, https://github.com/VanBarbascu, https://github.com/austinabell, https://github.com/utka, https://github.com/jbajic, https://github.com/david-stolp, https://github.com/EdvardD, https://github.com/ChaoticTempest, https://github.com/nujabes403, https://github.com/behaviary, https://github.com/kakoc, https://github.com/k06a, https://github.com/yordanmadzhunkov, https://github.com/artob, https://github.com/telezhnaya, https://github.com/yanganto, https://github.com/abhijeetbhagat, https://github.com/itegulov, https://github.com/ckshei, https://github.com/Rajiv620019, https://github.com/walnut-the-cat, https://github.com/rnwst, https://github.com/KaiserKarel, https://github.com/eriktrautman, https://github.com/webern, https://github.com/Rishabhraghwendra18, https://github.com/mieubrisse, https://github.com/robert-zaremba, https://github.com/amgando, https://github.com/cyberbono3, https://github.com/mina86, https://github.com/matklad, https://github.com/ilblackdragon, https://github.com/nearmax, https://github.com/evgenykuzyakov, https://github.com/mzhangmzz, https://github.com/Longarithm, https://github.com/apps/near-bulldozer, https://github.com/mfornet, https://github.com/mm-near, https://github.com/nagisa, https://github.com/frol, https://github.com/robin-near, https://github.com/akashin, https://github.com/pugachAG, https://github.com/Ekleog-NEAR, https://github.com/khorolets, https://github.com/janedegtiareva, https://github.com/lexfro, https://github.com/saketh-are, https://github.com/Ekleog, https://github.com/jc-near, https://github.com/shreyan-gupta, https://github.com/abacabadabacaba, https://github.com/apps/dependabot, https://github.com/ppca, https://github.com/mooori, https://github.com/firatNEAR, https://github.com/blasrodri, https://github.com/apps/nearprotocol-bulldozer, https://github.com/mhalambek, https://github.com/frankbraun, https://github.com/encody, https://github.com/joshuajbouw, https://github.com/AnaisUrlichs, https://github.com/anthony-near, https://github.com/bucanero, https://github.com/willemneal, https://github.com/ngmiller, https://github.com/kyoshisuki, https://github.com/itsyaasir, https://github.com/petarvujovic98, https://github.com/shekhirin, https://github.com/thisisjoshford, https://github.com/haaawk, https://github.com/nasdf, https://github.com/maoueh, https://github.com/snjax, https://github.com/nearprotocol-ci, https://github.com/jubos","Platform, Staking, Coinbase Ventures Portfolio, Three Arrows Capital Portfolio, Arrington XRP Capital Portfolio, Coinfund Portfolio, Electric Capital Portfolio, Fabric Ventures Portfolio, Kenetic Capital Portfolio, Circle Ventures Portfolio, SEC Security Token, Alleged SEC Securities, Near Protocol Ecosystem, Injective Ecosystem"
OP,https://github.com/ethereum-optimism/,,,
MKR,https://github.com/makerdao,,,"Store Of Value, DeFi, DAO, Polychain Capital Portfolio, Governance, Lending & Borrowing, DragonFly Capital Portfolio, Electric Capital Portfolio, a16z Portfolio, 1Confirmation Portfolio, Placeholder Ventures Portfolio, Pantera Capital Portfolio, Paradigm Portfolio, Spartan Group, Real World Assets, Near Protocol Ecosystem, Arbitrum Ecosystem, BNB Chain"
AAVE,https://github.com/aave,,,"DeFi, DAO, Yield Farming, Three Arrows Capital Portfolio, Governance, Lending & Borrowing, Blockchain Capital Portfolio, DeFiance Capital Portfolio, Framework Ventures Portfolio, Alameda Research Portfolio, Pantera Capital Portfolio, ParaFi Capital, Polygon Ecosystem, Fantom Ecosystem, Optimism Ecosystem"
GRT,https://github.com/graphprotocol,,,"DeFi, Coinbase Ventures Portfolio, Analytics, Coinfund Portfolio, DCG Portfolio, Fabric Ventures Portfolio, Framework Ventures Portfolio, LedgerPrime Portfolio, Multicoin Capital Portfolio, ParaFi Capital, Spartan Group, AI & Big Data, Enterprise Solutions, Web3, Solana Ecosystem, Polygon Ecosystem, Fantom Ecosystem, Near Protocol Ecosystem, Arbitrum Ecosystem, Injective Ecosystem"
ALGO,https://github.com/algorand/go-algorand,"Go, C, Shell, Python, Assembly, M4","https://github.com/algorandskiy, https://github.com/algonathan, https://github.com/cce, https://github.com/onetechnical, https://github.com/justicz, https://github.com/zeldovich, https://github.com/brianolson, https://github.com/michaeldiamant, https://github.com/jasonpaulos, https://github.com/shiqizng, https://github.com/ahangsu, https://github.com/algochoi, https://github.com/bricerisingalgorand, https://github.com/tolikzinovyev, https://github.com/algorotem, https://github.com/barnjamin, https://github.com/EvanJRichard, https://github.com/iansuvak, https://github.com/Vervious, https://github.com/AlgoAxel, https://github.com/AlgoStephenAkiki, https://github.com/mxmauro, https://github.com/algoidurovic, https://github.com/pzbitskiy, https://github.com/bbroder-algo, https://github.com/tsachizehub, https://github.com/algomaxj, https://github.com/ryanRfox, https://github.com/kehiy, https://github.com/mjiang102628, https://github.com/yossigi, https://github.com/algojohnlee, https://github.com/fionnachan, https://github.com/grakshith, https://github.com/jsign, https://github.com/emg110, https://github.com/jsgranados, https://github.com/joe-p, https://github.com/malturki, https://github.com/Juneezee, https://github.com/ailisp, https://github.com/Matt-Ryley, https://github.com/StylishTriangles, https://github.com/figurestudios, https://github.com/rfustino, https://github.com/sharonha99, https://github.com/RomitKumar, https://github.com/Priegle, https://github.com/tsachiherman, https://github.com/winder, https://github.com/algonautshant, https://github.com/jannotti, https://github.com/btoll, https://github.com/algobolson, https://github.com/egieseke, https://github.com/derbear, https://github.com/Algo-devops-service, https://github.com/algojack, https://github.com/Eric-Warehime, https://github.com/Aharonee, https://github.com/id-ms, https://github.com/algobarb, https://github.com/tzaffi, https://github.com/icorderi, https://github.com/stechu, https://github.com/algolucky, https://github.com/nicholasguo, https://github.com/algoradam, https://github.com/gmalouf, https://github.com/jdtzmn, https://github.com/eltociear, https://github.com/fabrice102, https://github.com/almog-t, https://github.com/iten-alg, https://github.com/mciccarello, https://github.com/algoganesh, https://github.com/rotemh, https://github.com/nullun, https://github.com/jecassis, https://github.com/apps/dependabot, https://github.com/qkniep, https://github.com/AyAggarwal, https://github.com/wjurayj-algo, https://github.com/zacharyestep, https://github.com/AustP, https://github.com/algoanne, https://github.com/win-t, https://github.com/algonoah, https://github.com/vuvoth, https://github.com/bo-abstrlabs, https://github.com/Olshansk, https://github.com/yaovi-a, https://github.com/ian-algorand, https://github.com/gcolvin, https://github.com/scnale, https://github.com/JasonWeathersby","PoS, Platform, Smart Contracts, Arrington XRP Capital Portfolio, Kenetic Capital Portfolio, USV Portfolio, Multicoin Capital Portfolio, Exnetwork Capital Portfolio, Layer 1, DWF Labs Portfolio, SEC Security Token, Alleged SEC Securities, Research"
XDC,https://github.com/xinfinorg,,,"Smart Contracts, Layer 1, Enterprise Solutions, XDC Ecosystem, DPoS, PoS, DeFi, Masternodes"
USDD,https://tronscan.org/#/contract/TPYmHEhy5n8TCEfYGqW2rPxsghSfzghPDn/code,,,"Stablecoin, Algorithmic Stablecoin, USD Stablecoin, Arbitrum Ecosystem"
AXS,unknown,,,"Collectibles & NFTs, Binance Launchpad, Metaverse, DeFiance Capital Portfolio, Play To Earn, Animoca Brands Portfolio, SEC Security Token, Alleged SEC Securities, Gaming"
SAND,unknown,,,"Collectibles & NFTs, Binance Launchpad, Metaverse, Play To Earn, Animoca Brands Portfolio, SEC Security Token, Alleged SEC Securities, Content Creation, Gaming, Ethereum Ecosystem"
IMX,unknown,,,"Collectibles & NFTs, Zero Knowledge Proofs, Scaling, Layer 2, Rollups, Arrington XRP Capital Portfolio, Alameda Research Portfolio, Gaming"
INJ,https://github.com/InjectiveLabs,,,"PoS, Platform, DeFi, Smart Contracts, Binance Launchpad, Binance Labs Portfolio, CMS Holdings Portfolio, Pantera Capital Portfolio, AI & Big Data, Web3, Cosmos Ecosystem, Cosmos, BNB Smart Chain, Interoperability, Binance Launchpool, Cross-Chain, Injective Ecosystem"
FTM,https://github.com/Fantom-Foundation,,,"Platform, DeFi, Scaling, Smart Contracts, Layer 1, Enterprise Solutions, Research, Fantom Ecosystem, Injective Ecosystem"
BSV,https://github.com/bitcoin-sv/bitcoin-sv,"C++, C, Python, M4, CMake, Makefile","https://github.com/sipa, https://github.com/theuni, https://github.com/richmills3, https://github.com/TheBlueMatt, https://github.com/non-github-bitcoin, https://github.com/arkadiuszpx, https://github.com/sdaftuar, https://github.com/pfromberg, https://github.com/petertodd, https://github.com/chrisgibson01, https://github.com/paveljanik, https://github.com/jnewbery, https://github.com/zigako, https://github.com/ryanofsky, https://github.com/jasonbcox, https://github.com/rebroad, https://github.com/instagibbs, https://github.com/CodeShark, https://github.com/bvizin, https://github.com/fitzrovian, https://github.com/dooglus, https://github.com/dagurval, https://github.com/jl2012, https://github.com/cculianu, https://github.com/dgenr8, https://github.com/promag, https://github.com/sdkfjlsfjlskdfjlsdjflsjf, https://github.com/practicalswift, https://github.com/sickpig, https://github.com/matiu, https://github.com/mruddy, https://github.com/BojanKverh, https://github.com/codler, https://github.com/wizeman, https://github.com/dcousens, https://github.com/roques, https://github.com/ajweiss, https://github.com/jmcorgan, https://github.com/isle2983, https://github.com/runeksvendsen, https://github.com/awemany, https://github.com/freewil, https://github.com/jrmithdobbs, https://github.com/kyuupichan, https://github.com/brad1121, https://github.com/ashleyholman, https://github.com/zw, https://github.com/randy-waterhouse, https://github.com/fsb4000, https://github.com/Michagogo, https://github.com/laanwj, https://github.com/deadalnix, https://github.com/gavinandresen, https://github.com/jonasschnelli, https://github.com/luke-jr, https://github.com/borisru, https://github.com/fanquake, https://github.com/schancel, https://github.com/morcos, https://github.com/jtimon, https://github.com/Danconnolly, https://github.com/ftrader, https://github.com/cozz, https://github.com/pstratem, https://github.com/vvranjek, https://github.com/albracko, https://github.com/Mengerian, https://github.com/muggenhor, https://github.com/btcdrak, https://github.com/domob1812, https://github.com/ctnchain, https://github.com/achow101, https://github.com/dexX7, https://github.com/kazcw, https://github.com/wtogami, https://github.com/mrbandrews, https://github.com/super3, https://github.com/casey, https://github.com/kdomanski, https://github.com/ENikS, https://github.com/kallewoof, https://github.com/nomnombtc, https://github.com/maaku, https://github.com/JeremyRubin, https://github.com/recursive-rat4, https://github.com/matra774, https://github.com/NicolasDorier, https://github.com/jamesob, https://github.com/joshtriplett, https://github.com/jordanlewis, https://github.com/sje397, https://github.com/forrestv, https://github.com/sinetek, https://github.com/p2k, https://github.com/OttoAllmendinger, https://github.com/EthanHeilman, https://github.com/JoelKatz, https://github.com/dertin, https://github.com/esthon, https://github.com/schildbach","PoW, SHA-256, Store Of Value, State Channel, Medium of Exchange, Mineable, Bitcoin Ecosystem"
MANA,https://github.com/decentraland/mana,"Solidity, Shell","https://github.com/maraoz, https://github.com/nachomazzara, https://github.com/abarmat, https://github.com/nicosantangelo, https://github.com/federicobond, https://github.com/eordano, https://github.com/fmiras, https://github.com/jakub-wojciechowski","Platform, Collectibles & NFTs, Metaverse, BoostVC Portfolio, DCG Portfolio, Fabric Ventures Portfolio, Kenetic Capital Portfolio, Play To Earn, SEC Security Token, Alleged SEC Securities, Gaming, Payments, Polygon Ecosystem"
SNX,unknown,,,"Decentralized Exchange (DEX) Token, DeFi, Derivatives, DAO, Yield Farming, Coinbase Ventures Portfolio, Three Arrows Capital Portfolio, Governance, DeFiance Capital Portfolio, Framework Ventures Portfolio, Alameda Research Portfolio, ParaFi Capital, Paradigm Portfolio, Spartan Group, Real World Assets, DWF Labs Portfolio, Celsius Bankruptcy Estate, Services, Synthetics, Fantom Ecosystem, BNB Chain, Optimism Ecosystem"
RNDR,unknown,,,"Collectibles & NFTs, Scaling, Metaverse, Alameda Research Portfolio, Multicoin Capital Portfolio, Art, Media, VR/AR, AI & Big Data, Distributed Computing, Gaming, Video, Web3, Ethereum Ecosystem, Solana Ecosystem, Polygon Ecosystem"
APE,unknown,,,"Collectibles & NFTs, DAO, Governance, Metaverse, Animoca Brands Portfolio, Content Creation, Gaming, Entertainment, Medium of Exchange, Ethereum Ecosystem, Web3"
USDP,https://github.com/paxosglobal/pax-contracts,"Solidity, JavaScript, Makefile",,"Store Of Value, Stablecoin, Asset-Backed Stablecoin, USD Stablecoin, BNB Chain"
NEO,https://github.com/neo-project/neo,,,
RUNE,https://github.com/thorchain,,,"Decentralized Exchange (DEX) Token, DeFi, DEX, Multicoin Capital Portfolio, Exnetwork Capital Portfolio, Cosmos Ecosystem, Injective Ecosystem"
KAVA,https://github.com/kava-labs,,,"DeFi, Binance Launchpad, Binance Labs Portfolio, Lending & Borrowing, Arrington XRP Capital Portfolio, Framework Ventures Portfolio, Hashkey Capital Portfolio, DWF Labs Portfolio, Cosmos Ecosystem, Injective Ecosystem"
PAXG,https://github.com/paxosglobal/paxos-gold-contract,"JavaScript, Solidity, Makefile",,
XAUt,unknown,,,
XEC,https://github.com/bitcoin-abc,,,"Layer 1, Hybrid - PoW & PoS, PoS, PoW, SHA-256, Platform, Store Of Value, Payments, Scaling, Governance"
FLOW,https://github.com/onflow,,,"Platform, Collectibles & NFTs, Staking, Coinbase Ventures Portfolio, Coinfund Portfolio, DCG Portfolio, LedgerPrime Portfolio, a16z Portfolio, Animoca Brands Portfolio, Layer 1, SEC Security Token, Alleged SEC Securities"
RPL,https://github.com/rocket-pool/rocketpool,"JavaScript, Solidity",,
CHZ,unknown,,,"Collectibles & NFTs, Layer 1, SEC Security Token, Alleged SEC Securities, Sports, Content Creation, Payments"
GALA,unknown,,,"Collectibles & NFTs, Play To Earn, DWF Labs Portfolio, Gaming, BNB Smart Chain, Polygon Ecosystem, Entertainment, Music, Ethereum Ecosystem, Metaverse, Web3"
KLAY,https://github.com/klaytn/klaytn,"Go, Solidity, C, JavaScript, Shell, Assembly",,
KCS,unknown,,,"Centralized Exchange (CEX) Token, Discount Token, Marketplace, Algorand Ecosystem"
FXS,https://github.com/fraxfinance,,,"DeFi, Seigniorage, Exnetwork Capital Portfolio, Liquid Staking Derivatives, Avalanche Ecosystem, Olympus Pro Ecosystem, Arbitrum Ecosystem, Ethereum Ecosystem, BNB Smart Chain, Governance, Electric Capital Portfolio, Galaxy Digital Portfolio, ParaFi Capital, Polygon Ecosystem, Fantom Ecosystem, Moonriver Ecosystem, Moonbeam Ecosystem"
MIOTA,https://github.com/iotaledger,,,"DAG, DWF Labs Portfolio, Medium of Exchange, IoT, Sharing Economy"
ZEC,https://github.com/zcash/zcash,"C++, Python, C, Rust, Shell, M4","https://github.com/laanwj, https://github.com/nuttycom, https://github.com/gavinandresen, https://github.com/daira, https://github.com/non-github-bitcoin, https://github.com/luke-jr, https://github.com/TheBlueMatt, https://github.com/fanquake, https://github.com/gmaxwell, https://github.com/LarryRuane, https://github.com/softminus, https://github.com/cozz, https://github.com/morcos, https://github.com/pstratem, https://github.com/practicalswift, https://github.com/muggenhor, https://github.com/dongcarl, https://github.com/jnewbery, https://github.com/nejucomo, https://github.com/leto, https://github.com/dooglus, https://github.com/syd0, https://github.com/sdkfjlsfjlskdfjlsdjflsjf, https://github.com/kazcw, https://github.com/per-gron, https://github.com/ENikS, https://github.com/dexX7, https://github.com/JeremyRubin, https://github.com/casey, https://github.com/zancas, https://github.com/wizeman, https://github.com/roques, https://github.com/joshtriplett, https://github.com/jamesob, https://github.com/benzcash, https://github.com/jordanlewis, https://github.com/sinetek, https://github.com/kallewoof, https://github.com/mrbandrews, https://github.com/forrestv, https://github.com/freewil, https://github.com/recursive-rat4, https://github.com/Matoking, https://github.com/JoelKatz, https://github.com/ryanofsky, https://github.com/jrmithdobbs, https://github.com/radix42, https://github.com/schildbach, https://github.com/EthanHeilman, https://github.com/Michagogo, https://github.com/str4d, https://github.com/sipa, https://github.com/bitcartel, https://github.com/ebfull, https://github.com/theuni, https://github.com/sellout, https://github.com/jonasschnelli, https://github.com/defuse, https://github.com/oxarbitrage, https://github.com/therealyingtong, https://github.com/jtimon, https://github.com/petertodd, https://github.com/sdaftuar, https://github.com/paveljanik, https://github.com/rex4539, https://github.com/ageis, https://github.com/CodeShark, https://github.com/rebroad, https://github.com/sandakersmann, https://github.com/domob1812, https://github.com/furszy, https://github.com/charlieok, https://github.com/super3, https://github.com/kdomanski, https://github.com/mdr0id, https://github.com/dgenr8, https://github.com/arielgabizon, https://github.com/teor2345, https://github.com/wtogami, https://github.com/codler, https://github.com/nomnombtc, https://github.com/promag, https://github.com/ajweiss, https://github.com/hebasto, https://github.com/jmcorgan, https://github.com/kozyilmaz, https://github.com/maaku, https://github.com/centromere, https://github.com/sje397, https://github.com/dcousens, https://github.com/ken2812221, https://github.com/runeksvendsen, https://github.com/dertin, https://github.com/ashleyholman, https://github.com/zw, https://github.com/p2k, https://github.com/harding, https://github.com/OttoAllmendinger, https://github.com/vegard, https://github.com/instagibbs","PoW, Equihash, Privacy, Zero Knowledge Proofs, BoostVC Portfolio, DCG Portfolio, Electric Capital Portfolio, Fenbushi Capital Portfolio, Hashkey Capital Portfolio, Winklevoss Capital Portfolio, Placeholder Ventures Portfolio, Pantera Capital Portfolio, Medium of Exchange, Mineable, Binance Chain, BNB Chain"
CSPR,https://github.com/casper-network/,,,"Arrington XRP Capital Portfolio, Hashkey Capital Portfolio, OKEx Blockdream Ventures Portfolio, Enterprise Solutions, Web3, PoS, POS 3.0, Platform, Smart Contracts, DApp, Draper Venture Network Portfolio"
SUI,https://github.com/MystenLabs,,,"Binance Launchpool, Coinbase Ventures Portfolio, Binance Labs Portfolio, Electric Capital Portfolio, a16z Portfolio, Layer 1"
HT,unknown,,,"Centralized Exchange (CEX) Token, Discount Token, Kenetic Capital Portfolio, Alameda Research Portfolio, Multicoin Capital Portfolio, Marketplace, Payments, Algorand Ecosystem"
BTT,https://github.com/bittorrent,,,"Platform, Interoperability, Staking, Storage, Binance Launchpad, Binance Labs Portfolio, SEC Security Token, Alleged SEC Securities, Distributed Computing, Filesharing, Web3, TRON Ecosystem, BNB Chain"
CRV,https://github.com/curvefi/curve-contract,"Python, Solidity","https://github.com/michwill, https://github.com/skellet0r, https://github.com/fubuloubu, https://github.com/acryptosx, https://github.com/iamdefinitelyahuman, https://github.com/samwerner, https://github.com/pengiundev, https://github.com/agureevroman, https://github.com/JamesLefrere","Decentralized Exchange (DEX) Token, DeFi, DAO, Yield Farming, AMM, Governance, Framework Ventures Portfolio, Alameda Research Portfolio, DWF Labs Portfolio, Polygon Ecosystem, Fantom Ecosystem, Arbitrum Ecosystem, Optimism Ecosystem"
CFX,https://github.com/Conflux-Chain,,,"PoW, Hybrid - PoW & DPoS, Platform, Collectibles & NFTs, DeFi, Smart Contracts, Staking, Huobi Capital Portfolio, DWF Labs Portfolio, Payments, Research, Web3, Mineable, Injective Ecosystem, BNB Chain, Hybrid - PoW & PoS"
MINA,https://github.com/MinaProtocol/mina,"OCaml, Go, Reason, Rust, Shell, Standard ML","https://github.com/psteckler, https://github.com/mitschabaude, https://github.com/deepthiskumar, https://github.com/QuiteStochastic, https://github.com/O1ahmad, https://github.com/MartinMinkov, https://github.com/jspada, https://github.com/georgeee, https://github.com/Schmavery, https://github.com/emberian, https://github.com/jkrauska, https://github.com/figitaki, https://github.com/Firobe, https://github.com/joaosreis, https://github.com/dannywillems, https://github.com/Trivo25, https://github.com/o1pranay, https://github.com/ejMina226, https://github.com/shimkiv, https://github.com/stevenplatt, https://github.com/AryehAlexander, https://github.com/fabrizio-m, https://github.com/kaozenn, https://github.com/barriebyron, https://github.com/mobileink, https://github.com/joseandro, https://github.com/arijitAD, https://github.com/vanishreerao, https://github.com/binier, https://github.com/Fitblip, https://github.com/apps/dependabot, https://github.com/pkrasam, https://github.com/o1christine, https://github.com/kobigurk, https://github.com/LukasGerm, https://github.com/dangdennis, https://github.com/amc-ie, https://github.com/jjangg96, https://github.com/milkey-mouse, https://github.com/banteg, https://github.com/cbrown330, https://github.com/ValarDragon, https://github.com/acoglio, https://github.com/mrmr1993, https://github.com/bkase, https://github.com/lk86, https://github.com/imeckler, https://github.com/nholland94, https://github.com/ghost-not-in-the-shell, https://github.com/michellewong793, https://github.com/mimoo, https://github.com/wu-s-john, https://github.com/rbonichon, https://github.com/ylecornec, https://github.com/Sventimir, https://github.com/querolita, https://github.com/balsoft, https://github.com/enolan, https://github.com/es92, https://github.com/omerzach, https://github.com/ebresafegaga, https://github.com/yourbuddyconner, https://github.com/noot, https://github.com/tizoc, https://github.com/yorickvP, https://github.com/A-Manning, https://github.com/gltrost, https://github.com/Kida007, https://github.com/Smorci, https://github.com/garethtdavies, https://github.com/dkijania, https://github.com/o1brad, https://github.com/simisimis, https://github.com/akattis, https://github.com/bijanshahrokhi, https://github.com/jackryanservia, https://github.com/rahulmutt, https://github.com/vanarasiantonyswamy, https://github.com/apps/mergify, https://github.com/jasongitmail, https://github.com/jackpaparian, https://github.com/afmsavage, https://github.com/rbkhmrcr, https://github.com/vitaliel, https://github.com/basicbang0x, https://github.com/bryanhonof, https://github.com/ATheCoder","PoS, Zero Knowledge Proofs, Staking, Coinbase Ventures Portfolio, Three Arrows Capital Portfolio, Polychain Capital Portfolio"
T,https://github.com/threshold-network,,,
ICX,https://github.com/icon-project,,,"Platform, Interoperability, Smart Contracts, Kenetic Capital Portfolio, Pantera Capital Portfolio, Enterprise Solutions, DPoS, DeFi, Cross-Chain"
KSM,https://github.com/kusamanetwork,,,"Substrate, CMS Holdings Portfolio, Kenetic Capital Portfolio, 1Confirmation Portfolio, VBC Ventures Portfolio, Polkadot Ecosystem"
SC,https://github.com/SiaFoundation,,,"PoW, Blake2b, Platform, Storage, DragonFly Capital Portfolio, Fenbushi Capital Portfolio, Paradigm Portfolio, Distributed Computing, Filesharing, Web3, Mineable, Near Protocol Ecosystem, Privacy, Wallet, Opensource"
WLD,https://github.com/worldcoin,,,"Privacy, Zero Knowledge Proofs, Governance, Blockchain Capital Portfolio, a16z Portfolio, Token, Identity, Ethereum Ecosystem, Optimism Ecosystem"
SXP,https://github.com/Solar-network,,,"DeFi, Wallet, Binance Labs Portfolio, Alameda Research Portfolio, Medium of Exchange, Payments, BNB Chain, DPoS, Platform, IoT, Smart Contracts, Staking, Metaverse, Web3"
LUNA,https://github.com/terra-money/core,,,
ILV,unknown,,,"Collectibles & NFTs, DAO, Metaverse, Play To Earn, Gaming"
HIVE,https://github.com/openhive-network/hive,"C++, Python, C, CMake, HTML, Shell","https://github.com/Mariusz-Trela, https://github.com/theoreticalbts, https://github.com/sgerbino, https://github.com/raidgar98, https://github.com/jredbeard, https://github.com/PiotrBatko-BlockchainWares, https://github.com/mzebrak, https://github.com/m-ickiewicz, https://github.com/NateBrune, https://github.com/wkedzierski, https://github.com/TimCliff, https://github.com/syvb, https://github.com/rajatsteemit, https://github.com/wkedz, https://github.com/piem, https://github.com/joticajulian, https://github.com/youkaicountry, https://github.com/relativityboy, https://github.com/mejustandrew, https://github.com/netuoso, https://github.com/ScottSallinen, https://github.com/Netherdrake, https://github.com/pmconrad, https://github.com/feruzm, https://github.com/fernandosoder, https://github.com/MatusKysel, https://github.com/crokkon, https://github.com/VIM-Arcange, https://github.com/jaeykim, https://github.com/frogg, https://github.com/rahulsps, https://github.com/moisespr123, https://github.com/uberlance, https://github.com/aaroncox, https://github.com/fxnormaluser, https://github.com/Xeldal, https://github.com/Pygmalion69, https://github.com/miketwenty1, https://github.com/pharesim, https://github.com/mvandeberg, https://github.com/vogel76, https://github.com/mtyszczak, https://github.com/revflash, https://github.com/emfrias, https://github.com/Gandalf-the-Grey, https://github.com/Kiwonik, https://github.com/dnotestein, https://github.com/mkochanowicz, https://github.com/drov0, https://github.com/abitmore, https://github.com/sneak, https://github.com/bytemaster, https://github.com/arhag, https://github.com/roadscape, https://github.com/swiszczoo, https://github.com/dkedzierski, https://github.com/jnordberg, https://github.com/economicstudio, https://github.com/nathanielhourt, https://github.com/roelandp, https://github.com/therealwolf42, https://github.com/plink01001, https://github.com/ausbitbank, https://github.com/mcfarhat, https://github.com/TerenceTheSpider, https://github.com/Someguy123, https://github.com/Jolly-Pirate, https://github.com/younseunghyun, https://github.com/jakjothi, https://github.com/nafest, https://github.com/bennierex, https://github.com/lustrousgorilla, https://github.com/PixelNoob, https://github.com/liondani, https://github.com/thebitcoiner, https://github.com/Alex-GR, https://github.com/ripexz, https://github.com/btscube","DPoS, Scaling, Media, Content Creation, Web3"
ZRX,https://github.com/0xProject,,,"Platform, Decentralized Exchange (DEX) Token, DeFi, Scaling, DAO, Substrate, Polychain Capital Portfolio, Governance, Blockchain Capital Portfolio, BoostVC Portfolio, Fabric Ventures Portfolio, Kenetic Capital Portfolio, Placeholder Ventures Portfolio, Pantera Capital Portfolio, Celsius Bankruptcy Estate, Polkadot, Polkadot Ecosystem"
ETHW,https://github.com/ethereumpow,,,"PoW, Ethash, Platform, Smart Contracts, Opensource, EthereumPoW Ecosystem"
ONT,https://github.com/ontio,,,"Metaverse, Huobi Capital Portfolio, Enterprise Solutions, Identity, Web3, Fantom Ecosystem, Near Protocol Ecosystem, BNB Chain"
SSV,https://github.com/bloxapp/ssv-web,"TypeScript, JavaScript",,"Platform, DeFi, Staking, DAO"
GLMR,https://github.com/PureStake/moonbeam,"TypeScript, Rust, Solidity, Shell, Handlebars, Dockerfile","https://github.com/librelois, https://github.com/JoshOrndorff, https://github.com/4meta5, https://github.com/nanocryk, https://github.com/joelamouche, https://github.com/Agusrodri, https://github.com/albertov19, https://github.com/TheQuantumPhysicist, https://github.com/apps/github-actions, https://github.com/rimbi, https://github.com/sea212, https://github.com/koushiro, https://github.com/aaron2048, https://github.com/dt665m, https://github.com/ahmadkaouk, https://github.com/conr2d, https://github.com/Garandor, https://github.com/davxy, https://github.com/TarekkMA, https://github.com/WarFollowsMe, https://github.com/crystalin, https://github.com/tgmichel, https://github.com/girazoki, https://github.com/notlesh, https://github.com/nbaztec, https://github.com/timbrinded, https://github.com/mario-sangar, https://github.com/fgamundi, https://github.com/tmpolaczyk, https://github.com/purestakeoskar, https://github.com/boundless-forest, https://github.com/dtyoo, https://github.com/hyd628, https://github.com/apopiak, https://github.com/apps/dependabot, https://github.com/grw-ms, https://github.com/jiguantong, https://github.com/intendednull, https://github.com/hoonsubin, https://github.com/silviugae, https://github.com/DmitriyKurto","Smart Contracts, Substrate, Binance Labs Portfolio, Arrington XRP Capital Portfolio, Polkadot, Polkadot Ecosystem, Injective Ecosystem"
IOST,unknown,,,
BAND,https://github.com/bandprotocol,,,"DeFi, Oracles, Binance Launchpad, Binance Labs Portfolio, Spartan Group, Web3, Cosmos Ecosystem, Binance Chain, Solana Ecosystem, Polygon Ecosystem, Fantom Ecosystem, Near Protocol Ecosystem, Injective Ecosystem, BNB Chain"
BICO,https://github.com/bcnmy,,,"Platform, Interoperability, Coinbase Ventures Portfolio, Binance Labs Portfolio, Fenbushi Capital Portfolio, MVB"
ONE,https://github.com/harmony-one,,,"Platform, Scaling, Smart Contracts, Binance Launchpad, Binance Labs Portfolio, Hashkey Capital Portfolio, Enterprise Solutions, Harmony Ecosystem, Injective Ecosystem, BNB Chain"
WAXP,https://github.com/worldwide-asset-exchange/,,,"Collectibles & NFTs, Metaverse, Galaxy Digital Portfolio, Kenetic Capital Portfolio, Play To Earn, OKEx Blockdream Ventures Portfolio, Media, Gaming, Entertainment, Payments, Platform, DeFi, Scaling, Smart Contracts, Wallet"
SUSHI,https://github.com/sushiswap/sushiswap,"TypeScript, Solidity",,"Collectibles & NFTs, Decentralized Exchange (DEX) Token, DeFi, DAO, Yield Farming, AMM, Yearn Partnerships, Governance, Metaverse, Blockchain Capital Portfolio, DeFiance Capital Portfolio, Alameda Research Portfolio, Pantera Capital Portfolio, Avalanche Ecosystem, Polygon Ecosystem, Fantom Ecosystem, Arbitrum Ecosystem, Harmony Ecosystem, Injective Ecosystem, BNB Chain"
AXL,https://github.com/axelarnetwork,,,"Interoperability, Coinbase Ventures Portfolio, Polychain Capital Portfolio, Binance Labs Portfolio, Galaxy Digital Portfolio, SEI Ecosystem, Ethereum Ecosystem, Base Ecosystem, DPoS, PoS, Platform, Cosmos Ecosystem, Store Of Value, Enterprise Solutions, Distributed Computing, BNB Smart Chain, Polkadot Ecosystem, Avalanche Ecosystem, DragonFly Capital Portfolio, Polygon Ecosystem, Fantom Ecosystem, Terra Ecosystem, Web3, Arbitrum Ecosystem, Cross-Chain, BNB Chain, Moonbeam Ecosystem"
IOTX,https://github.com/iotexproject/iotex-core,"Go, Solidity",,"Platform, Hashkey Capital Portfolio, Kenetic Capital Portfolio, IoT, IoTeX Ecosystem, BNB Chain, Decentralized Exchange (DEX) Token, DeFi, Smart Contracts, Wallet, DEX, Metaverse, Play To Earn, Token, PoS+, DeFi 2.0"
MAGIC,https://github.com/TreasureProject/,,,"Metaverse, Gaming, Arbitrum Ecosystem, Collectibles & NFTs, DAO, Ethereum Ecosystem, Layer 2, Web3"
MC,unknown,,,"Binance Launchpool, Governance, Play To Earn, Token, Gaming Guild, Spartan Group, DWF Labs Portfolio, Gaming"
USTC,https://github.com/terra-project,,,"Stablecoin, Algorithmic Stablecoin, Seigniorage, USD Stablecoin, Alleged SEC Securities, Cosmos Ecosystem, Terra Ecosystem, Injective Ecosystem, BNB Chain"
KDA,https://github.com/kadena-io/chainweb-node,,"https://github.com/fosskers, https://github.com/mightybyte, https://github.com/slpopejoy, https://github.com/edmundnoble, https://github.com/sirlensalot, https://github.com/chessai, https://github.com/jmcardon, https://github.com/cgibbard, https://github.com/mercadoa, https://github.com/alexfmpe, https://github.com/eskimor, https://github.com/LabMember-001, https://github.com/trendzetter, https://github.com/giantimi, https://github.com/tomsmalley, https://github.com/larskuhtz, https://github.com/marklnichols, https://github.com/emmanueldenloye, https://github.com/emilypi, https://github.com/gregorycollins, https://github.com/LindaOrtega, https://github.com/jwiegley, https://github.com/enobayram, https://github.com/ak3n, https://github.com/DevopsGoth, https://github.com/imalsogreg, https://github.com/taylorrolfe, https://github.com/jmininger, https://github.com/bjing, https://github.com/coolio-coder, https://github.com/ggobugi27","PoW, Blake2S, Platform, Smart Contracts, Coinfund Portfolio, Multicoin Capital Portfolio, Layer 1, Kadena Ecosystem, Web3, Mineable, DeFi, Scaling"
UNIBOT,unknown,,,
BORA,unknown,,,
CKB,https://github.com/nervosnetwork,,,"PoW, Platform, Collectibles & NFTs, DeFi, Interoperability, Scaling, Smart Contracts, DAO, Polychain Capital Portfolio, Rollups, Blockchain Capital Portfolio, CMS Holdings Portfolio, DragonFly Capital Portfolio, Electric Capital Portfolio, Hashkey Capital Portfolio, Huobi Capital Portfolio, 1Confirmation Portfolio, Multicoin Capital Portfolio, Research, Web3, Mineable"
DGB,https://github.com/DigiByte-Core,,,"PoW, Multiple algorithms, Collectibles & NFTs, Medium of Exchange, IoT, Payments, Mineable"
STG,unknown,,,"Cross-Chain, Ethereum Ecosystem, Avalanche Ecosystem, Polygon Ecosystem, Fantom Ecosystem, Arbitrum Ecosystem, Optimism Ecosystem"
